Token ID,Name,Gender,Color,Eyewear,base URL,Token URL,Image,Author,Season,Collection,Description
1,Algorithmic Eyewear #1,Female,Blue,Geodesic,https://algorithmiceyewear.com/,https://algorithmiceyewear.com/nft/1,https://algorithmiceyewear.com/images/1.png,Mirror Vision,Spring 2023,Algorithmic Eyewear,Algorithmic Eyewear is a collection of 100 AI generated images inspired by Mirror Visionwear.
2,Algorithmic Eyewear #2,Female,Rainbow,Geometric,https://algorithmiceyewear.com/,https://algorithmiceyewear.com/nft/2,https://algorithmiceyewear.com/images/2.png,Mirror Vision,Spring 2023,Algorithmic Eyewear,Algorithmic Eyewear is a collection of 100 AI generated images inspired by Mirror Visionwear.
3,Algorithmic Eyewear #3,Female,Blue,Glasses,https://algorithmiceyewear.com/,https://algorithmiceyewear.com/nft/3,https://algorithmiceyewear.com/images/3.png,Mirror Vision,Spring 2023,Algorithmic Eyewear,Algorithmic Eyewear is a collection of 100 AI generated images inspired by Mirror Visionwear.
4,Algorithmic Eyewear #4,Female,Blue,Visor,https://algorithmiceyewear.com/,https://algorithmiceyewear.com/nft/4,https://algorithmiceyewear.com/images/4.png,Mirror Vision,Spring 2023,Algorithmic Eyewear,Algorithmic Eyewear is a collection of 100 AI generated images inspired by Mirror Visionwear.
5,Algorithmic Eyewear #5,Female,Silver,Geodesic,https://algorithmiceyewear.com/,https://algorithmiceyewear.com/nft/5,https://algorithmiceyewear.com/images/5.png,Mirror Vision,Spring 2023,Algorithmic Eyewear,Algorithmic Eyewear is a collection of 100 AI generated images inspired by Mirror Visionwear.
6,Algorithmic Eyewear #6,Female,Rainbow,Geometric,https://algorithmiceyewear.com/,https://algorithmiceyewear.com/nft/6,https://algorithmiceyewear.com/images/6.png,Mirror Vision,Spring 2023,Algorithmic Eyewear,Algorithmic Eyewear is a collection of 100 AI generated images inspired by Mirror Visionwear.
7,Algorithmic Eyewear #7,Female,Black,Glasses,https://algorithmiceyewear.com/,https://algorithmiceyewear.com/nft/7,https://algorithmiceyewear.com/images/7.png,Mirror Vision,Spring 2023,Algorithmic Eyewear,Algorithmic Eyewear is a collection of 100 AI generated images inspired by Mirror Visionwear.
8,Algorithmic Eyewear #8,Female,Green,Visor,https://algorithmiceyewear.com/,https://algorithmiceyewear.com/nft/8,https://algorithmiceyewear.com/images/8.png,Mirror Vision,Spring 2023,Algorithmic Eyewear,Algorithmic Eyewear is a collection of 100 AI generated images inspired by Mirror Visionwear.
9,Algorithmic Eyewear #9,Male,Silver,Geodesic,https://algorithmiceyewear.com/,https://algorithmiceyewear.com/nft/9,https://algorithmiceyewear.com/images/9.png,Mirror Vision,Spring 2023,Algorithmic Eyewear,Algorithmic Eyewear is a collection of 100 AI generated images inspired by Mirror Visionwear.
10,Algorithmic Eyewear #10,Female,Red,Geometric,https://algorithmiceyewear.com/,https://algorithmiceyewear.com/nft/10,https://algorithmiceyewear.com/images/10.png,Mirror Vision,Spring 2023,Algorithmic Eyewear,Algorithmic Eyewear is a collection of 100 AI generated images inspired by Mirror Visionwear.
11,Algorithmic Eyewear #11,Male,Green,Glasses,https://algorithmiceyewear.com/,https://algorithmiceyewear.com/nft/11,https://algorithmiceyewear.com/images/11.png,Mirror Vision,Spring 2023,Algorithmic Eyewear,Algorithmic Eyewear is a collection of 100 AI generated images inspired by Mirror Visionwear.
12,Algorithmic Eyewear #12,Male,Blue,Visor,https://algorithmiceyewear.com/,https://algorithmiceyewear.com/nft/12,https://algorithmiceyewear.com/images/12.png,Mirror Vision,Spring 2023,Algorithmic Eyewear,Algorithmic Eyewear is a collection of 100 AI generated images inspired by Mirror Visionwear.
13,Algorithmic Eyewear #13,Female,Blue,Geodesic,https://algorithmiceyewear.com/,https://algorithmiceyewear.com/nft/13,https://algorithmiceyewear.com/images/13.png,Mirror Vision,Spring 2023,Algorithmic Eyewear,Algorithmic Eyewear is a collection of 100 AI generated images inspired by Mirror Visionwear.
14,Algorithmic Eyewear #14,Female,Silver,Geometric,https://algorithmiceyewear.com/,https://algorithmiceyewear.com/nft/14,https://algorithmiceyewear.com/images/14.png,Mirror Vision,Spring 2023,Algorithmic Eyewear,Algorithmic Eyewear is a collection of 100 AI generated images inspired by Mirror Visionwear.
15,Algorithmic Eyewear #15,Male,Blue,Glasses,https://algorithmiceyewear.com/,https://algorithmiceyewear.com/nft/15,https://algorithmiceyewear.com/images/15.png,Mirror Vision,Spring 2023,Algorithmic Eyewear,Algorithmic Eyewear is a collection of 100 AI generated images inspired by Mirror Visionwear.
16,Algorithmic Eyewear #16,Female,Blue,Visor,https://algorithmiceyewear.com/,https://algorithmiceyewear.com/nft/16,https://algorithmiceyewear.com/images/16.png,Mirror Vision,Spring 2023,Algorithmic Eyewear,Algorithmic Eyewear is a collection of 100 AI generated images inspired by Mirror Visionwear.
17,Algorithmic Eyewear #17,Female,Rainbow,Geodesic,https://algorithmiceyewear.com/,https://algorithmiceyewear.com/nft/17,https://algorithmiceyewear.com/images/17.png,Mirror Vision,Spring 2023,Algorithmic Eyewear,Algorithmic Eyewear is a collection of 100 AI generated images inspired by Mirror Visionwear.
18,Algorithmic Eyewear #18,Male,Silver,Geometric,https://algorithmiceyewear.com/,https://algorithmiceyewear.com/nft/18,https://algorithmiceyewear.com/images/18.png,Mirror Vision,Spring 2023,Algorithmic Eyewear,Algorithmic Eyewear is a collection of 100 AI generated images inspired by Mirror Visionwear.
19,Algorithmic Eyewear #19,Male,Green,Glasses,https://algorithmiceyewear.com/,https://algorithmiceyewear.com/nft/19,https://algorithmiceyewear.com/images/19.png,Mirror Vision,Spring 2023,Algorithmic Eyewear,Algorithmic Eyewear is a collection of 100 AI generated images inspired by Mirror Visionwear.
20,Algorithmic Eyewear #20,Female,Silver,Visor,https://algorithmiceyewear.com/,https://algorithmiceyewear.com/nft/20,https://algorithmiceyewear.com/images/20.png,Mirror Vision,Spring 2023,Algorithmic Eyewear,Algorithmic Eyewear is a collection of 100 AI generated images inspired by Mirror Visionwear.
21,Algorithmic Eyewear #21,Female,Rainbow,Geodesic,https://algorithmiceyewear.com/,https://algorithmiceyewear.com/nft/21,https://algorithmiceyewear.com/images/21.png,Mirror Vision,Spring 2023,Algorithmic Eyewear,Algorithmic Eyewear is a collection of 100 AI generated images inspired by Mirror Visionwear.
22,Algorithmic Eyewear #22,Male,Silver,Geometric,https://algorithmiceyewear.com/,https://algorithmiceyewear.com/nft/22,https://algorithmiceyewear.com/images/22.png,Mirror Vision,Spring 2023,Algorithmic Eyewear,Algorithmic Eyewear is a collection of 100 AI generated images inspired by Mirror Visionwear.
23,Algorithmic Eyewear #23,Male,Silver,Glasses,https://algorithmiceyewear.com/,https://algorithmiceyewear.com/nft/23,https://algorithmiceyewear.com/images/23.png,Mirror Vision,Spring 2023,Algorithmic Eyewear,Algorithmic Eyewear is a collection of 100 AI generated images inspired by Mirror Visionwear.
24,Algorithmic Eyewear #24,Female,White,Geodesic,https://algorithmiceyewear.com/,https://algorithmiceyewear.com/nft/24,https://algorithmiceyewear.com/images/24.png,Mirror Vision,Spring 2023,Algorithmic Eyewear,Algorithmic Eyewear is a collection of 100 AI generated images inspired by Mirror Visionwear.
25,Algorithmic Eyewear #25,Female,Blue,Visor,https://algorithmiceyewear.com/,https://algorithmiceyewear.com/nft/25,https://algorithmiceyewear.com/images/25.png,Mirror Vision,Spring 2023,Algorithmic Eyewear,Algorithmic Eyewear is a collection of 100 AI generated images inspired by Mirror Visionwear.
26,Algorithmic Eyewear #26,Female,Silver,Geometric,https://algorithmiceyewear.com/,https://algorithmiceyewear.com/nft/26,https://algorithmiceyewear.com/images/26.png,Mirror Vision,Spring 2023,Algorithmic Eyewear,Algorithmic Eyewear is a collection of 100 AI generated images inspired by Mirror Visionwear.
27,Algorithmic Eyewear #27,Female,Blue,Glasses,https://algorithmiceyewear.com/,https://algorithmiceyewear.com/nft/27,https://algorithmiceyewear.com/images/27.png,Mirror Vision,Spring 2023,Algorithmic Eyewear,Algorithmic Eyewear is a collection of 100 AI generated images inspired by Mirror Visionwear.
28,Algorithmic Eyewear #28,Female,Rainbow,Visor,https://algorithmiceyewear.com/,https://algorithmiceyewear.com/nft/28,https://algorithmiceyewear.com/images/28.png,Mirror Vision,Spring 2023,Algorithmic Eyewear,Algorithmic Eyewear is a collection of 100 AI generated images inspired by Mirror Visionwear.
29,Algorithmic Eyewear #29,Female,Blue,Geodesic,https://algorithmiceyewear.com/,https://algorithmiceyewear.com/nft/29,https://algorithmiceyewear.com/images/29.png,Mirror Vision,Spring 2023,Algorithmic Eyewear,Algorithmic Eyewear is a collection of 100 AI generated images inspired by Mirror Visionwear.
30,Algorithmic Eyewear #30,Male,Rainbow,Geometric,https://algorithmiceyewear.com/,https://algorithmiceyewear.com/nft/30,https://algorithmiceyewear.com/images/30.png,Mirror Vision,Spring 2023,Algorithmic Eyewear,Algorithmic Eyewear is a collection of 100 AI generated images inspired by Mirror Visionwear.
31,Algorithmic Eyewear #31,Female,Purple,Glasses,https://algorithmiceyewear.com/,https://algorithmiceyewear.com/nft/31,https://algorithmiceyewear.com/images/31.png,Mirror Vision,Spring 2023,Algorithmic Eyewear,Algorithmic Eyewear is a collection of 100 AI generated images inspired by Mirror Visionwear.
32,Algorithmic Eyewear #32,Male,Silver,Visor,https://algorithmiceyewear.com/,https://algorithmiceyewear.com/nft/32,https://algorithmiceyewear.com/images/32.png,Mirror Vision,Spring 2023,Algorithmic Eyewear,Algorithmic Eyewear is a collection of 100 AI generated images inspired by Mirror Visionwear.
33,Algorithmic Eyewear #33,Male,Silver,Geodesic,https://algorithmiceyewear.com/,https://algorithmiceyewear.com/nft/33,https://algorithmiceyewear.com/images/33.png,Mirror Vision,Spring 2023,Algorithmic Eyewear,Algorithmic Eyewear is a collection of 100 AI generated images inspired by Mirror Visionwear.
34,Algorithmic Eyewear #34,Female,Blue,Geometric,https://algorithmiceyewear.com/,https://algorithmiceyewear.com/nft/34,https://algorithmiceyewear.com/images/34.png,Mirror Vision,Spring 2023,Algorithmic Eyewear,Algorithmic Eyewear is a collection of 100 AI generated images inspired by Mirror Visionwear.
35,Algorithmic Eyewear #35,Female,Silver,Glasses,https://algorithmiceyewear.com/,https://algorithmiceyewear.com/nft/35,https://algorithmiceyewear.com/images/35.png,Mirror Vision,Spring 2023,Algorithmic Eyewear,Algorithmic Eyewear is a collection of 100 AI generated images inspired by Mirror Visionwear.
36,Algorithmic Eyewear #36,Male,Silver,Visor,https://algorithmiceyewear.com/,https://algorithmiceyewear.com/nft/36,https://algorithmiceyewear.com/images/36.png,Mirror Vision,Spring 2023,Algorithmic Eyewear,Algorithmic Eyewear is a collection of 100 AI generated images inspired by Mirror Visionwear.
37,Algorithmic Eyewear #37,Male,Silver,Geodesic,https://algorithmiceyewear.com/,https://algorithmiceyewear.com/nft/37,https://algorithmiceyewear.com/images/37.png,Mirror Vision,Spring 2023,Algorithmic Eyewear,Algorithmic Eyewear is a collection of 100 AI generated images inspired by Mirror Visionwear.
38,Algorithmic Eyewear #38,Female,Silver,Geometric,https://algorithmiceyewear.com/,https://algorithmiceyewear.com/nft/38,https://algorithmiceyewear.com/images/38.png,Mirror Vision,Spring 2023,Algorithmic Eyewear,Algorithmic Eyewear is a collection of 100 AI generated images inspired by Mirror Visionwear.
39,Algorithmic Eyewear #39,Male,Blue,Glasses,https://algorithmiceyewear.com/,https://algorithmiceyewear.com/nft/39,https://algorithmiceyewear.com/images/39.png,Mirror Vision,Spring 2023,Algorithmic Eyewear,Algorithmic Eyewear is a collection of 100 AI generated images inspired by Mirror Visionwear.
40,Algorithmic Eyewear #40,Male,Rainbow,Visor,https://algorithmiceyewear.com/,https://algorithmiceyewear.com/nft/40,https://algorithmiceyewear.com/images/40.png,Mirror Vision,Spring 2023,Algorithmic Eyewear,Algorithmic Eyewear is a collection of 100 AI generated images inspired by Mirror Visionwear.
41,Algorithmic Eyewear #41,Male,Silver,Geodesic,https://algorithmiceyewear.com/,https://algorithmiceyewear.com/nft/41,https://algorithmiceyewear.com/images/41.png,Mirror Vision,Spring 2023,Algorithmic Eyewear,Algorithmic Eyewear is a collection of 100 AI generated images inspired by Mirror Visionwear.
42,Algorithmic Eyewear #42,Female,Silver,Glasses,https://algorithmiceyewear.com/,https://algorithmiceyewear.com/nft/42,https://algorithmiceyewear.com/images/42.png,Mirror Vision,Spring 2023,Algorithmic Eyewear,Algorithmic Eyewear is a collection of 100 AI generated images inspired by Mirror Visionwear.
43,Algorithmic Eyewear #43,Male,Purple,Visor,https://algorithmiceyewear.com/,https://algorithmiceyewear.com/nft/43,https://algorithmiceyewear.com/images/43.png,Mirror Vision,Spring 2023,Algorithmic Eyewear,Algorithmic Eyewear is a collection of 100 AI generated images inspired by Mirror Visionwear.
44,Algorithmic Eyewear #44,Female,Silver,Geodesic,https://algorithmiceyewear.com/,https://algorithmiceyewear.com/nft/44,https://algorithmiceyewear.com/images/44.png,Mirror Vision,Spring 2023,Algorithmic Eyewear,Algorithmic Eyewear is a collection of 100 AI generated images inspired by Mirror Visionwear.
45,Algorithmic Eyewear #45,Male,Purple,Visor,https://algorithmiceyewear.com/,https://algorithmiceyewear.com/nft/45,https://algorithmiceyewear.com/images/45.png,Mirror Vision,Spring 2023,Algorithmic Eyewear,Algorithmic Eyewear is a collection of 100 AI generated images inspired by Mirror Visionwear.
46,Algorithmic Eyewear #46,Female,Black,Geodesic,https://algorithmiceyewear.com/,https://algorithmiceyewear.com/nft/46,https://algorithmiceyewear.com/images/46.png,Mirror Vision,Spring 2023,Algorithmic Eyewear,Algorithmic Eyewear is a collection of 100 AI generated images inspired by Mirror Visionwear.
47,Algorithmic Eyewear #47,Male,Blue,Visor,https://algorithmiceyewear.com/,https://algorithmiceyewear.com/nft/47,https://algorithmiceyewear.com/images/47.png,Mirror Vision,Spring 2023,Algorithmic Eyewear,Algorithmic Eyewear is a collection of 100 AI generated images inspired by Mirror Visionwear.
48,Algorithmic Eyewear #48,Male,Rainbow,Geodesic,https://algorithmiceyewear.com/,https://algorithmiceyewear.com/nft/48,https://algorithmiceyewear.com/images/48.png,Mirror Vision,Spring 2023,Algorithmic Eyewear,Algorithmic Eyewear is a collection of 100 AI generated images inspired by Mirror Visionwear.
49,Algorithmic Eyewear #49,Male,Blue,Visor,https://algorithmiceyewear.com/,https://algorithmiceyewear.com/nft/49,https://algorithmiceyewear.com/images/49.png,Mirror Vision,Spring 2023,Algorithmic Eyewear,Algorithmic Eyewear is a collection of 100 AI generated images inspired by Mirror Visionwear.
50,Algorithmic Eyewear #50,Male,Silver,Geodesic,https://algorithmiceyewear.com/,https://algorithmiceyewear.com/nft/50,https://algorithmiceyewear.com/images/50.png,Mirror Vision,Spring 2023,Algorithmic Eyewear,Algorithmic Eyewear is a collection of 100 AI generated images inspired by Mirror Visionwear.
51,Algorithmic Eyewear #51,Female,Red,Visor,https://algorithmiceyewear.com/,https://algorithmiceyewear.com/nft/51,https://algorithmiceyewear.com/images/51.png,Mirror Vision,Spring 2023,Algorithmic Eyewear,Algorithmic Eyewear is a collection of 100 AI generated images inspired by Mirror Visionwear.
52,Algorithmic Eyewear #52,Female,Silver,Geodesic,https://algorithmiceyewear.com/,https://algorithmiceyewear.com/nft/52,https://algorithmiceyewear.com/images/52.png,Mirror Vision,Spring 2023,Algorithmic Eyewear,Algorithmic Eyewear is a collection of 100 AI generated images inspired by Mirror Visionwear.
53,Algorithmic Eyewear #53,Male,Blue,Visor,https://algorithmiceyewear.com/,https://algorithmiceyewear.com/nft/53,https://algorithmiceyewear.com/images/53.png,Mirror Vision,Spring 2023,Algorithmic Eyewear,Algorithmic Eyewear is a collection of 100 AI generated images inspired by Mirror Visionwear.
54,Algorithmic Eyewear #54,Female,Silver,Geodesic,https://algorithmiceyewear.com/,https://algorithmiceyewear.com/nft/54,https://algorithmiceyewear.com/images/54.png,Mirror Vision,Spring 2023,Algorithmic Eyewear,Algorithmic Eyewear is a collection of 100 AI generated images inspired by Mirror Visionwear.
55,Algorithmic Eyewear #55,Female,Green,Visor,https://algorithmiceyewear.com/,https://algorithmiceyewear.com/nft/55,https://algorithmiceyewear.com/images/55.png,Mirror Vision,Spring 2023,Algorithmic Eyewear,Algorithmic Eyewear is a collection of 100 AI generated images inspired by Mirror Visionwear.
56,Algorithmic Eyewear #56,Female,Silver,Geodesic,https://algorithmiceyewear.com/,https://algorithmiceyewear.com/nft/56,https://algorithmiceyewear.com/images/56.png,Mirror Vision,Spring 2023,Algorithmic Eyewear,Algorithmic Eyewear is a collection of 100 AI generated images inspired by Mirror Visionwear.
57,Algorithmic Eyewear #57,Female,Silver,Visor,https://algorithmiceyewear.com/,https://algorithmiceyewear.com/nft/57,https://algorithmiceyewear.com/images/57.png,Mirror Vision,Spring 2023,Algorithmic Eyewear,Algorithmic Eyewear is a collection of 100 AI generated images inspired by Mirror Visionwear.
58,Algorithmic Eyewear #58,Female,Blue,Geodesic,https://algorithmiceyewear.com/,https://algorithmiceyewear.com/nft/58,https://algorithmiceyewear.com/images/58.png,Mirror Vision,Spring 2023,Algorithmic Eyewear,Algorithmic Eyewear is a collection of 100 AI generated images inspired by Mirror Visionwear.
59,Algorithmic Eyewear #59,Male,Blue,Visor,https://algorithmiceyewear.com/,https://algorithmiceyewear.com/nft/59,https://algorithmiceyewear.com/images/59.png,Mirror Vision,Spring 2023,Algorithmic Eyewear,Algorithmic Eyewear is a collection of 100 AI generated images inspired by Mirror Visionwear.
60,Algorithmic Eyewear #60,Female,Rainbow,Geodesic,https://algorithmiceyewear.com/,https://algorithmiceyewear.com/nft/60,https://algorithmiceyewear.com/images/60.png,Mirror Vision,Spring 2023,Algorithmic Eyewear,Algorithmic Eyewear is a collection of 100 AI generated images inspired by Mirror Visionwear.
61,Algorithmic Eyewear #61,Female,Green,Visor,https://algorithmiceyewear.com/,https://algorithmiceyewear.com/nft/61,https://algorithmiceyewear.com/images/61.png,Mirror Vision,Spring 2023,Algorithmic Eyewear,Algorithmic Eyewear is a collection of 100 AI generated images inspired by Mirror Visionwear.
62,Algorithmic Eyewear #62,Female,Rainbow,Geodesic,https://algorithmiceyewear.com/,https://algorithmiceyewear.com/nft/62,https://algorithmiceyewear.com/images/62.png,Mirror Vision,Spring 2023,Algorithmic Eyewear,Algorithmic Eyewear is a collection of 100 AI generated images inspired by Mirror Visionwear.
63,Algorithmic Eyewear #63,Female,Black,Visor,https://algorithmiceyewear.com/,https://algorithmiceyewear.com/nft/63,https://algorithmiceyewear.com/images/63.png,Mirror Vision,Spring 2023,Algorithmic Eyewear,Algorithmic Eyewear is a collection of 100 AI generated images inspired by Mirror Visionwear.
64,Algorithmic Eyewear #64,Male,Silver,Geodesic,https://algorithmiceyewear.com/,https://algorithmiceyewear.com/nft/64,https://algorithmiceyewear.com/images/64.png,Mirror Vision,Spring 2023,Algorithmic Eyewear,Algorithmic Eyewear is a collection of 100 AI generated images inspired by Mirror Visionwear.
65,Algorithmic Eyewear #65,Female,Rainbow,Visor,https://algorithmiceyewear.com/,https://algorithmiceyewear.com/nft/65,https://algorithmiceyewear.com/images/65.png,Mirror Vision,Spring 2023,Algorithmic Eyewear,Algorithmic Eyewear is a collection of 100 AI generated images inspired by Mirror Visionwear.
66,Algorithmic Eyewear #66,Female,White,Geodesic,https://algorithmiceyewear.com/,https://algorithmiceyewear.com/nft/66,https://algorithmiceyewear.com/images/66.png,Mirror Vision,Spring 2023,Algorithmic Eyewear,Algorithmic Eyewear is a collection of 100 AI generated images inspired by Mirror Visionwear.
67,Algorithmic Eyewear #67,Male,Rainbow,Visor,https://algorithmiceyewear.com/,https://algorithmiceyewear.com/nft/67,https://algorithmiceyewear.com/images/67.png,Mirror Vision,Spring 2023,Algorithmic Eyewear,Algorithmic Eyewear is a collection of 100 AI generated images inspired by Mirror Visionwear.
68,Algorithmic Eyewear #68,Female,Red,Geodesic,https://algorithmiceyewear.com/,https://algorithmiceyewear.com/nft/68,https://algorithmiceyewear.com/images/68.png,Mirror Vision,Spring 2023,Algorithmic Eyewear,Algorithmic Eyewear is a collection of 100 AI generated images inspired by Mirror Visionwear.
69,Algorithmic Eyewear #69,Female,Blue,Visor,https://algorithmiceyewear.com/,https://algorithmiceyewear.com/nft/69,https://algorithmiceyewear.com/images/69.png,Mirror Vision,Spring 2023,Algorithmic Eyewear,Algorithmic Eyewear is a collection of 100 AI generated images inspired by Mirror Visionwear.
70,Algorithmic Eyewear #70,Female,Purple,Geodesic,https://algorithmiceyewear.com/,https://algorithmiceyewear.com/nft/70,https://algorithmiceyewear.com/images/70.png,Mirror Vision,Spring 2023,Algorithmic Eyewear,Algorithmic Eyewear is a collection of 100 AI generated images inspired by Mirror Visionwear.
71,Algorithmic Eyewear #71,Male,Red,Visor,https://algorithmiceyewear.com/,https://algorithmiceyewear.com/nft/71,https://algorithmiceyewear.com/images/71.png,Mirror Vision,Spring 2023,Algorithmic Eyewear,Algorithmic Eyewear is a collection of 100 AI generated images inspired by Mirror Visionwear.
72,Algorithmic Eyewear #72,Female,Blue,Geodesic,https://algorithmiceyewear.com/,https://algorithmiceyewear.com/nft/72,https://algorithmiceyewear.com/images/72.png,Mirror Vision,Spring 2023,Algorithmic Eyewear,Algorithmic Eyewear is a collection of 100 AI generated images inspired by Mirror Visionwear.
73,Algorithmic Eyewear #73,Male,Green,Visor,https://algorithmiceyewear.com/,https://algorithmiceyewear.com/nft/73,https://algorithmiceyewear.com/images/73.png,Mirror Vision,Spring 2023,Algorithmic Eyewear,Algorithmic Eyewear is a collection of 100 AI generated images inspired by Mirror Visionwear.
74,Algorithmic Eyewear #74,Female,Blue,Geodesic,https://algorithmiceyewear.com/,https://algorithmiceyewear.com/nft/74,https://algorithmiceyewear.com/images/74.png,Mirror Vision,Spring 2023,Algorithmic Eyewear,Algorithmic Eyewear is a collection of 100 AI generated images inspired by Mirror Visionwear.
75,Algorithmic Eyewear #75,Female,Blue,Visor,https://algorithmiceyewear.com/,https://algorithmiceyewear.com/nft/75,https://algorithmiceyewear.com/images/75.png,Mirror Vision,Spring 2023,Algorithmic Eyewear,Algorithmic Eyewear is a collection of 100 AI generated images inspired by Mirror Visionwear.
76,Algorithmic Eyewear #76,Female,Purple,Geodesic,https://algorithmiceyewear.com/,https://algorithmiceyewear.com/nft/76,https://algorithmiceyewear.com/images/76.png,Mirror Vision,Spring 2023,Algorithmic Eyewear,Algorithmic Eyewear is a collection of 100 AI generated images inspired by Mirror Visionwear.
77,Algorithmic Eyewear #77,Female,Red,Visor,https://algorithmiceyewear.com/,https://algorithmiceyewear.com/nft/77,https://algorithmiceyewear.com/images/77.png,Mirror Vision,Spring 2023,Algorithmic Eyewear,Algorithmic Eyewear is a collection of 100 AI generated images inspired by Mirror Visionwear.
78,Algorithmic Eyewear #78,Female,Purple,Geodesic,https://algorithmiceyewear.com/,https://algorithmiceyewear.com/nft/78,https://algorithmiceyewear.com/images/78.png,Mirror Vision,Spring 2023,Algorithmic Eyewear,Algorithmic Eyewear is a collection of 100 AI generated images inspired by Mirror Visionwear.
79,Algorithmic Eyewear #79,Female,Red,Visor,https://algorithmiceyewear.com/,https://algorithmiceyewear.com/nft/79,https://algorithmiceyewear.com/images/79.png,Mirror Vision,Spring 2023,Algorithmic Eyewear,Algorithmic Eyewear is a collection of 100 AI generated images inspired by Mirror Visionwear.
80,Algorithmic Eyewear #80,Male,Silver,Geodesic,https://algorithmiceyewear.com/,https://algorithmiceyewear.com/nft/80,https://algorithmiceyewear.com/images/80.png,Mirror Vision,Spring 2023,Algorithmic Eyewear,Algorithmic Eyewear is a collection of 100 AI generated images inspired by Mirror Visionwear.
81,Algorithmic Eyewear #81,Female,Rainbow,Visor,https://algorithmiceyewear.com/,https://algorithmiceyewear.com/nft/81,https://algorithmiceyewear.com/images/81.png,Mirror Vision,Spring 2023,Algorithmic Eyewear,Algorithmic Eyewear is a collection of 100 AI generated images inspired by Mirror Visionwear.
82,Algorithmic Eyewear #82,Female,Red,Geodesic,https://algorithmiceyewear.com/,https://algorithmiceyewear.com/nft/82,https://algorithmiceyewear.com/images/82.png,Mirror Vision,Spring 2023,Algorithmic Eyewear,Algorithmic Eyewear is a collection of 100 AI generated images inspired by Mirror Visionwear.
83,Algorithmic Eyewear #83,Male,Black,Visor,https://algorithmiceyewear.com/,https://algorithmiceyewear.com/nft/83,https://algorithmiceyewear.com/images/83.png,Mirror Vision,Spring 2023,Algorithmic Eyewear,Algorithmic Eyewear is a collection of 100 AI generated images inspired by Mirror Visionwear.
84,Algorithmic Eyewear #84,Male,Green,Visor,https://algorithmiceyewear.com/,https://algorithmiceyewear.com/nft/84,https://algorithmiceyewear.com/images/84.png,Mirror Vision,Spring 2023,Algorithmic Eyewear,Algorithmic Eyewear is a collection of 100 AI generated images inspired by Mirror Visionwear.
85,Algorithmic Eyewear #85,Female,Blue,Visor,https://algorithmiceyewear.com/,https://algorithmiceyewear.com/nft/85,https://algorithmiceyewear.com/images/85.png,Mirror Vision,Spring 2023,Algorithmic Eyewear,Algorithmic Eyewear is a collection of 100 AI generated images inspired by Mirror Visionwear.
86,Algorithmic Eyewear #86,Female,Rainbow,Visor,https://algorithmiceyewear.com/,https://algorithmiceyewear.com/nft/86,https://algorithmiceyewear.com/images/86.png,Mirror Vision,Spring 2023,Algorithmic Eyewear,Algorithmic Eyewear is a collection of 100 AI generated images inspired by Mirror Visionwear.
87,Algorithmic Eyewear #87,Female,Purple,Visor,https://algorithmiceyewear.com/,https://algorithmiceyewear.com/nft/87,https://algorithmiceyewear.com/images/87.png,Mirror Vision,Spring 2023,Algorithmic Eyewear,Algorithmic Eyewear is a collection of 100 AI generated images inspired by Mirror Visionwear.
88,Algorithmic Eyewear #88,Female,Silver,Visor,https://algorithmiceyewear.com/,https://algorithmiceyewear.com/nft/88,https://algorithmiceyewear.com/images/88.png,Mirror Vision,Spring 2023,Algorithmic Eyewear,Algorithmic Eyewear is a collection of 100 AI generated images inspired by Mirror Visionwear.
89,Algorithmic Eyewear #89,Female,Purple,Visor,https://algorithmiceyewear.com/,https://algorithmiceyewear.com/nft/89,https://algorithmiceyewear.com/images/89.png,Mirror Vision,Spring 2023,Algorithmic Eyewear,Algorithmic Eyewear is a collection of 100 AI generated images inspired by Mirror Visionwear.
90,Algorithmic Eyewear #90,Male,Blue,Visor,https://algorithmiceyewear.com/,https://algorithmiceyewear.com/nft/90,https://algorithmiceyewear.com/images/90.png,Mirror Vision,Spring 2023,Algorithmic Eyewear,Algorithmic Eyewear is a collection of 100 AI generated images inspired by Mirror Visionwear.
91,Algorithmic Eyewear #91,Female,Blue,Visor,https://algorithmiceyewear.com/,https://algorithmiceyewear.com/nft/91,https://algorithmiceyewear.com/images/91.png,Mirror Vision,Spring 2023,Algorithmic Eyewear,Algorithmic Eyewear is a collection of 100 AI generated images inspired by Mirror Visionwear.
92,Algorithmic Eyewear #92,Female,Green,Visor,https://algorithmiceyewear.com/,https://algorithmiceyewear.com/nft/92,https://algorithmiceyewear.com/images/92.png,Mirror Vision,Spring 2023,Algorithmic Eyewear,Algorithmic Eyewear is a collection of 100 AI generated images inspired by Mirror Visionwear.
93,Algorithmic Eyewear #93,Female,Purple,Visor,https://algorithmiceyewear.com/,https://algorithmiceyewear.com/nft/93,https://algorithmiceyewear.com/images/93.png,Mirror Vision,Spring 2023,Algorithmic Eyewear,Algorithmic Eyewear is a collection of 100 AI generated images inspired by Mirror Visionwear.
94,Algorithmic Eyewear #94,Female,Blue,Visor,https://algorithmiceyewear.com/,https://algorithmiceyewear.com/nft/94,https://algorithmiceyewear.com/images/94.png,Mirror Vision,Spring 2023,Algorithmic Eyewear,Algorithmic Eyewear is a collection of 100 AI generated images inspired by Mirror Visionwear.
95,Algorithmic Eyewear #95,Female,Blue,Visor,https://algorithmiceyewear.com/,https://algorithmiceyewear.com/nft/95,https://algorithmiceyewear.com/images/95.png,Mirror Vision,Spring 2023,Algorithmic Eyewear,Algorithmic Eyewear is a collection of 100 AI generated images inspired by Mirror Visionwear.
96,Algorithmic Eyewear #96,Female,Silver,Visor,https://algorithmiceyewear.com/,https://algorithmiceyewear.com/nft/96,https://algorithmiceyewear.com/images/96.png,Mirror Vision,Spring 2023,Algorithmic Eyewear,Algorithmic Eyewear is a collection of 100 AI generated images inspired by Mirror Visionwear.
97,Algorithmic Eyewear #97,Male,Silver,Visor,https://algorithmiceyewear.com/,https://algorithmiceyewear.com/nft/97,https://algorithmiceyewear.com/images/97.png,Mirror Vision,Spring 2023,Algorithmic Eyewear,Algorithmic Eyewear is a collection of 100 AI generated images inspired by Mirror Visionwear.
98,Algorithmic Eyewear #98,Male,Rainbow,Visor,https://algorithmiceyewear.com/,https://algorithmiceyewear.com/nft/98,https://algorithmiceyewear.com/images/98.png,Mirror Vision,Spring 2023,Algorithmic Eyewear,Algorithmic Eyewear is a collection of 100 AI generated images inspired by Mirror Visionwear.
99,Algorithmic Eyewear #99,Male,Red,Visor,https://algorithmiceyewear.com/,https://algorithmiceyewear.com/nft/99,https://algorithmiceyewear.com/images/99.png,Mirror Vision,Spring 2023,Algorithmic Eyewear,Algorithmic Eyewear is a collection of 100 AI generated images inspired by Mirror Visionwear.
100,Algorithmic Eyewear #100,Male,Silver,Visor,https://algorithmiceyewear.com/,https://algorithmiceyewear.com/nft/100,https://algorithmiceyewear.com/images/100.png,Mirror Vision,Spring 2023,Algorithmic Eyewear,Algorithmic Eyewear is a collection of 100 AI generated images inspired by Mirror Visionwear.
